Name,Address,Latitude,Longitude,Notes,Group,Use HTML,Button Link,Tags
150 California (Marketing),"150 California St, San Francisco, CA",,,"On market — Marketing as of Aug-26 | ±208,000 SF | 87% leased | Cap: Mid-7% / Mid-8% sROC | PSF: Low-$600s | Price: $120M-$130M | Buyer: TBD | Seller: Morgan Stanley",Active,,,"Sale Comp, On Market, Marketing, Core+"
221 Main (Bidding),"221 Main St, San Francisco, CA",,,"On market — Bidding as of Aug-26 | ±384,000 SF | 99% leased | Cap: Mid-7% | PSF: Mid-$600s | Price: Mid-$200M | Buyer: TBD | Seller: PIMCO / Allianz",Active,,,"Sale Comp, On Market, Bidding, Core+"
655 Montgomery (Marketing),"655 Montgomery St, San Francisco, CA",,,"On market — Marketing as of Aug-26 | ±270,000 SF | 88% leased | Cap: ±8% | PSF: ±$530 | Price: ±$145M | Buyer: TBD | Seller: Beacon / CalSTRS",Active,,,"Sale Comp, On Market, Marketing, Core+"
303 Second (Awarded),"303 2nd St, San Francisco, CA",,,"On market — Awarded as of Aug-26 | ±785,000 SF | ±65% leased | Cap: ±10% | PSF: Mid-$400s | Price: Mid-$300M | Buyer: Confidential | Seller: Kilroy / Norges",Active,,,"Sale Comp, On Market, Awarded, Value-Add"
550 Kearny (Awarded),"550 Kearny St, San Francisco, CA",,,"On market — Awarded as of Aug-26 | 196,438 SF | ±0% leased | PSF: ±$355 | Price: ±$70M | Buyer: TBD | Seller: Kairos",Active,,,"Sale Comp, On Market, Awarded, Value-Add"
330 & 340 Townsend (Awarded),"330 Townsend St, San Francisco, CA",,,"On market — Awarded as of Aug-26 | 109,261 SF | ±100% leased | Cap: 5.5% | PSF: ±$355 | Price: ±$40M | Buyer: TBD | Seller: CIM",Active,,,"Sale Comp, On Market, Awarded, Value-Add"
455 Market (Bidding),"455 Market St, San Francisco, CA",,,"On market — Bidding as of Aug-26 | 374,200 SF | ±65% leased | Cap: Mid-7% | PSF: High-$300s | Price: ±$140M | Buyer: TBD | Seller: UBS",Active,,,"Sale Comp, On Market, Bidding, Value-Add"
55 Hawthorne (Awarded),"55 Hawthorne St, San Francisco, CA",,,"On market — Awarded as of Aug-26 | 145,186 SF | 0% leased | PSF: ±$400 | Price: ±$58M | Buyer: TBD | Seller: LNR (SS) / CIM (Borrower)",Active,,,"Sale Comp, On Market, Awarded, Value-Add"
55 Second (Awarded),"55 2nd St, San Francisco, CA",,,"On market — Awarded as of Aug-26 | 381,701 SF | ±15% leased | PSF: ±$400 | Price: ±$155M | Buyer: Flynn / Ellis | Seller: Empower / Canada Life (Lender)",Active,,,"Sale Comp, On Market, Awarded, Value-Add"
300 Kansas (Awarded),"300 Kansas St, San Francisco, CA",,,"On market — Awarded as of Aug-26 | 151,177 SF | 0% leased | PSF: ±$425 | Price: ±$65M | Buyer: Sabal (tenant — bought direct as owner-user) | Seller: Spear Street / Stockbridge",Active,,,"Sale Comp, On Market, Awarded, Value-Add, Owner-User Buyer"
417 Montgomery (Awarded),"417 Montgomery St, San Francisco, CA",,,"On market — Awarded as of Aug-26 | 96,078 SF | 27% leased | PSF: ±$260 | Price: ±$25M | Buyer: TBD | Seller: Private HNWI",Active,,,"Sale Comp, On Market, Awarded, Value-Add"
747 Front (Awarded),"747 Front St, San Francisco, CA",,,"On market — Awarded as of Aug-26 | 81,415 SF | 75% leased | PSF: ±$400 | Price: ±$32.5M | Buyer: Confidential | Seller: Ares (Lender) / Bridgeton",Active,,,"Sale Comp, On Market, Awarded, Value-Add"
225 Bush (Awarded),"225 Bush St, San Francisco, CA",,,"On market — Awarded as of Aug-26 | 560,242 SF | ±57% leased | Cap: ±5.75% | PSF: ±$415 | Price: ±$231M | Buyer: Confidential | Seller: K-Star (Special Servicer)",Active,,,"Sale Comp, On Market, Awarded, Value-Add"
40 Jessie (Awarded),"40 Jessie St, San Francisco, CA",,,"On market — Awarded as of Aug-26 | 49,560 SF | 100% leased | Cap: ±9% | PSF: ±$585 | Price: ±$29M | Buyer: Confidential | Seller: Long Market / DRA",Active,,,"Sale Comp, On Market, Awarded, Core+"
301 Battery (Closed Aug-26),"301 Battery St, San Francisco, CA",,,"Closed Aug-26 | 208,609 SF | ±12% leased | PSF: ±$312 | Price: ±$65M | Buyer: Confidential | Seller: Mack (Lender) / RFR (Borrower)",Closed,,,"Sale Comp, Closed, Q3 2026, Aug-26, Value-Add"
101 California (Closed Jul-26),"101 California St, San Francisco, CA",,,"Closed Jul-26 | 1,250,000 SF | ±91% leased | Cap: ±6.7% | PSF: ±$850 | Price: ±$1B | Buyer: DivcoWest (47.5%) | Seller: Skyline (47.5%)",Closed,,,"Sale Comp, Closed, Q3 2026, Jul-26, Core+"
201 California (Closed Jul-26),"201 California St, San Francisco, CA",,,"Closed Jul-26 | 273,368 SF | ±20% leased | PSF: ±$275 | Price: ±$75M | Buyer: Ridge Capital | Seller: CXP (Borrower) / Torchlight (SS)",Closed,,,"Sale Comp, Closed, Q3 2026, Jul-26, Value-Add"
1 De Haro (Closed Jun-26),"1 De Haro St, San Francisco, CA",,,"Closed Jun-26 | 133,457 SF | 100% leased | Cap: ±9.5% | PSF: ±$825 | Price: ±$110M | Buyer: Confidential | Seller: SKS",Closed,,,"Sale Comp, Closed, Q2 2026, Jun-26, Core+"
San Francisco Bay Club (Closed Apr-26),"150 Greenwich St, San Francisco, CA",,,"Closed Apr-26 | ±150,000 SF | 100% leased | PSF: ±$435 | Price: ±$65M | Buyer: Bay Club (Owner-User) | Seller: LaSalle",Closed,,,"Sale Comp, Closed, Q2 2026, Apr-26, Owner-User"
Transamerica Pyramid (Closed Mar-26),"600 Montgomery St, San Francisco, CA",,,"Closed Mar-26 | ±550,000 SF | ±60% leased | PSF: ±$1,100 | Price: Low-$600M | Buyer: YODA | Seller: SHVO / BVK",Closed,,,"Sale Comp, Closed, Q1 2026, Mar-26, Value-Add"
415 Natoma (5M) (Closed Mar-26),"415 Natoma St, San Francisco, CA",,,"Closed Mar-26 | 649,826 SF | 0% leased | PSF: ±$300 | Price: ±$197M | Buyer: Meridian / Fenway | Seller: Brookfield / Bank of China (Lender)",Closed,,,"Sale Comp, Closed, Q1 2026, Mar-26, Value-Add"
123 Mission (Closed Mar-26),"123 Mission St, San Francisco, CA",,,"Closed Mar-26 | 363,029 SF | 16% leased | PSF: ±$325 | Price: ±$118M | Buyer: Madison Capital / PGIM | Seller: Affinius / Juul (Lender)",Closed,,,"Sale Comp, Closed, Q1 2026, Mar-26, Value-Add"
333 Valencia (Closed Feb-26),"333 Valencia St, San Francisco, CA",,,"Closed Feb-26 | 55,685 SF | 100% leased | Cap: ±12% | PSF: ±$495 | Price: ±$27.5M | Buyer: Presidio Bay Ventures | Seller: Prado / TPG-AG",Closed,,,"Sale Comp, Closed, Q1 2026, Feb-26, Core+"
45 Fremont (Closed Jan-26),"45 Fremont St, San Francisco, CA",,,"Closed Jan-26 | 621,599 SF | 65% leased | Cap: ±9.5% | PSF: ±$434 | Price: ±$265M | Buyer: Madison Capital / OneIM | Seller: BofA / BNY (Lender)",Closed,,,"Sale Comp, Closed, Q1 2026, Jan-26, Value-Add"
Paramount (Portfolio) (Closed Dec-25),"1 Market St, San Francisco, CA",,,"Closed Dec-25 | Portfolio (mapped at One Market Plaza) | 2,911,695 SF | 63% leased | Cap: ±6.4% | PSF: ±$575 | Price: ±$1.67B | Buyer: Rithm | Seller: Paramount",Closed,,,"Sale Comp, Closed, Q4 2025, Dec-25, Value-Add"
667 Mission (Closed Dec-25),"667 Mission St, San Francisco, CA",,,"Closed Dec-25 | 160,164 SF | 0% leased | PSF: ±$575 | Price: ±$92M | Buyer: Silicon Valley Bank | Seller: Align / Vanke",Closed,,,"Sale Comp, Closed, Q4 2025, Dec-25, Value-Add"
600 California (Closed Dec-25),"600 California St, San Francisco, CA",,,"Closed Dec-25 | 359,883 SF | ±25% leased | PSF: ±$342 | Price: ±$123M | Buyer: Lone Star / Harvest | Seller: Torchlight (Special Servicer)",Closed,,,"Sale Comp, Closed, Q4 2025, Dec-25, Value-Add"
149 New Montgomery (Closed Sep-25),"149 New Montgomery St, San Francisco, CA",,,"Closed Sep-25 | 84,318 SF | 0% leased | PSF: ±$296 | Price: ±$25M | Buyer: TMG | Seller: Private HNWI",Closed,,,"Sale Comp, Closed, Q3 2025, Sep-25, Value-Add"
450 California (Closed Sep-25),"450 California St, San Francisco, CA",,,"Closed Sep-25 | 351,864 SF | 0% leased | PSF: ±$160 | Price: ±$55.5M | Buyer: REDCO | Seller: Wells Fargo",Closed,,,"Sale Comp, Closed, Q3 2025, Sep-25, Value-Add"
505 Montgomery (Closed Aug-25),"505 Montgomery St, San Francisco, CA",,,"Closed Aug-25 | 344,855 SF | 62% leased | Cap: ±7% | PSF: ±$305 | Price: ±$105.5M | Buyer: Peninsula Land and Capital | Seller: DWS",Closed,,,"Sale Comp, Closed, Q3 2025, Aug-25, Value-Add"
600 Battery (Closed Aug-25),"600 Battery St, San Francisco, CA",,,"Closed Aug-25 | 124,457 SF | 100% leased | Cap: ±10% | PSF: ±$663 | Price: ±$82.5M | Buyer: Madison Capital / Fortress | Seller: TMG / Invesco & Affinius (Lender)",Closed,,,"Sale Comp, Closed, Q3 2025, Aug-25, Core+"
101 Mission (Closed Jun-25),"101 Mission St, San Francisco, CA",,,"Closed Jun-25 | 213,966 SF | 70% leased | Cap: ±9.5% | PSF: ±$421 | Price: ±$90M | Buyer: Elliot Investment Management | Seller: ING (Lender)",Closed,,,"Sale Comp, Closed, Q2 2025, Jun-25, Value-Add"
353 Sacramento (Closed Jun-25),"353 Sacramento St, San Francisco, CA",,,"Closed Jun-25 | 284,751 SF | 31% leased (going to 0%) | PSF: ±$221 | Price: ±$62.2M | Buyer: LPC / NYL | Seller: Aareal (Lender)",Closed,,,"Sale Comp, Closed, Q2 2025, Jun-25, Value-Add"
Market Center (Closed May-25),"555 Market St, San Francisco, CA",,,"Closed May-25 | 767,215 SF | 43% leased | Cap: ±5% | PSF: ±$230 | Price: ±$180M | Buyer: Flynn | Seller: ING (Lender Consortium)",Closed,,,"Sale Comp, Closed, Q2 2025, May-25, Value-Add"
799 Market (Closed Apr-25),"799 Market St, San Francisco, CA",,,"Closed Apr-25 | 139,183 SF | 54% leased | Cap: ±7% | PSF: ±$316 | Price: ±$44M | Buyer: Sansome Street Advisors | Seller: ASB",Closed,,,"Sale Comp, Closed, Q2 2025, Apr-25, Value-Add"
88 Kearny (Closed Apr-25),"88 Kearny St, San Francisco, CA",,,"Closed Apr-25 | 233,886 SF | 47% leased | PSF: ±$320 | Price: ±$74.5M | Buyer: Lending Club (User) | Seller: Nuveen",Closed,,,"Sale Comp, Closed, Q2 2025, Apr-25, Value-Add"
351 California (Closed Mar-25),"351 California St, San Francisco, CA",,,"Closed Mar-25 | 139,114 SF | 47% leased | Cap: ±8% | PSF: ±$252 | Price: ±$35M | Buyer: Tidewater | Seller: BofA (Lender)",Closed,,,"Sale Comp, Closed, Q1 2025, Mar-25, Value-Add"
450 Sansome (Closed Feb-25),"450 Sansome St, San Francisco, CA",,,"Closed Feb-25 | 144,000 SF | 63% leased | Cap: ±4% | PSF: $330 | Price: ±$47.5M | Buyer: Century Urban / Hearst | Seller: AEW",Closed,,,"Sale Comp, Closed, Q1 2025, Feb-25, Value-Add"
33 New Montgomery (Closed Jan-25),"33 New Montgomery St, San Francisco, CA",,,"Closed Jan-25 | 241,744 SF | 72% leased | Cap: ±9% | PSF: ±$307 | Price: $74.25M | Buyer: Ridge Capital | Seller: NYL (Lender)",Closed,,,"Sale Comp, Closed, Q1 2025, Jan-25, Value-Add"
